"id","view_id","picture_id"
"0c5ccba1-72e9-4b33-b7ae-470224f0f962","43476ef6-c0f2-490b-880f-a3c1c544bf8b","047a5bb3-255e-499f-915c-e9b359bffaab"
"10abad99-3197-46d9-b432-af3994e95844","8eb35922-c571-4cdd-8fcd-08c14614ff39","93ac411c-57e3-4f1a-bf0a-3f8d05b05116"
"14ec9898-391d-44e3-ab6f-7791e8c9276a","43476ef6-c0f2-490b-880f-a3c1c544bf8b","fb1cd847-0e9b-4c41-9762-85116e8dbc9b"
"18ceced9-2192-42a1-9cdd-319511fab06b","42526e98-c50b-4b04-b227-bf7b2f182148","7750a3dd-77f0-45cb-9ce6-3e2de73a823d"
"39c6f1be-4671-42fe-80a8-ff8bd9cc2419","72556f14-8152-45c5-b0d8-432cc8e5b9bb","b3bba990-6777-4639-8187-b2e4c15bbd89"
"3af113ef-d639-453e-ad9c-19c093f7f177","8980b17b-e10b-40f9-8380-bc3ce30ffda7","4e2c3705-e6d7-4b25-9644-a493ee4bdfef"
"42526e98-c50b-4b04-b227-bf7b2f182148","03b84ea8-8928-4817-89bf-376cdd8dc22c","8e7415e8-b593-40e9-83c0-83a2b7d539cd"
"50df29d0-5537-40e0-bfac-3976c577ad8b","72556f14-8152-45c5-b0d8-432cc8e5b9bb","ed594027-a692-468b-963d-0dee899f4630"
"6ed87fda-f38f-40b5-aff9-edbcba96fe74","72556f14-8152-45c5-b0d8-432cc8e5b9bb","8eb77480-cd90-4adf-a44d-030cf56c58dc"
"70750789-d359-43c5-b73c-2231dc57cf91","72556f14-8152-45c5-b0d8-432cc8e5b9bb","7779a5b4-459a-43e8-ba84-b00d7b58db02"
"72556f14-8152-45c5-b0d8-432cc8e5b9bb","42526e98-c50b-4b04-b227-bf7b2f182148","6a0a7011-2164-4462-af10-e8436177cde3"
"ae6ff3f7-d1fe-4b2a-9295-9eb59c6a6a55","7b47da39-2fe9-43be-bb97-400e065d9ab1","7750a3dd-77f0-45cb-9ce6-3e2de73a823d"
"b8aaeeb5-1a86-46ec-ab18-9c1028d78721","6a69c272-3124-4b02-93f4-48ac17c2feb6","d1ef6703-c7c3-4b1d-a905-0511058bc660"
"c5500756-6ccc-4a30-8ea1-3de9b812a3a7","94c16b3c-2d78-409a-819f-0dd9d9ebba79","cacecec7-f61b-4ca9-927b-4b84821e579a"
"cd66f93f-c42b-44c4-ab29-6532a796ac13","6a69c272-3124-4b02-93f4-48ac17c2feb6","dd7cfd78-9d0d-4f8a-bfdf-ec812971fa2d"
"d43809de-c783-4543-96e2-99d7520fb9a3","8980b17b-e10b-40f9-8380-bc3ce30ffda7","155cd0c3-8a8e-4c07-9bc9-b0e67aeeaf72"
"e318020c-38f2-41cb-960f-6b0e57725114","94c16b3c-2d78-409a-819f-0dd9d9ebba79","f2305d1e-ee4c-4d18-b346-b1d2ce0c4e29"
"f3c41f52-7fc8-4d72-bbba-261defcd246e","158b8361-432e-48c0-acab-1635ed73c5a3","8e7415e8-b593-40e9-83c0-83a2b7d539cd"
"f7d3bae3-742b-4505-8186-5ce85529e668","72556f14-8152-45c5-b0d8-432cc8e5b9bb","bf1d8799-5fc6-40dd-8752-536eeb138c0e"
